,Age0.19,Age20.44,Age45.65,Age65.,ObesityBMI.30,ObesityBMI30.40,ObesityBMI.40,SmokingYes,diabetes,hypertension,copd,coronary,cancer
Antelope Valley,0.27,0.32,0.31,0.10,0.679,0.216,0.0686,0.186,0.131,0.307,0.09,0.303,0.091
San Fernando,0.22,0.31,0.34,0.13,0.689,0.193,0.0612,0.112,0.101,0.242,0.077,0.247,0.078
San Gabriel,0.22,0.31,0.33,0.14,0.691,0.215,0.0681,0.096,0.11,0.255,0.057,0.277,0.059
Metro,0.20,0.36,0.33,0.12,0.644,0.177,0.0561,0.133,0.121,0.25,0.06,0.289,0.055
West,0.16,0.35,0.33,0.16,0.653,0.120,0.0380,0.075,0.063,0.196,0.059,0.248,0.118
South,0.29,0.34,0.28,0.08,0.657,0.293,0.0930,0.125,0.147,0.259,0.085,0.265,0.047
East,0.26,0.33,0.30,0.12,0.673,0.251,0.0797,0.093,0.114,0.232,0.049,0.249,0.063
South Bay,0.23,0.31,0.33,0.13,0.691,0.213,0.0674,0.124,0.125,0.276,0.069,0.29,0.083
LA County,0.23,0.33,0.32,0.12,0.675,0.205,0.0650,0.11254,0.11315,0.24999,0.06663,0.26804,0.071