,age.0.19,age.20.44,age.45.64,age.65,gender,smoker,diabetes,hypertension,copd,coronary
Antelope Valley,0.27,0.32,0.31,0.10,0.49,0.186,0.131,0.307,0.09,0.303
San Fernando,0.22,0.31,0.34,0.13,0.49,0.112,0.101,0.242,0.077,0.247
San Gabriel,0.22,0.31,0.33,0.14,0.49,0.096,0.11,0.255,0.057,0.277
Metro,0.20,0.36,0.33,0.12,0.51,0.133,0.121,0.25,0.06,0.289
West,0.16,0.35,0.33,0.16,0.49,0.075,0.063,0.196,0.059,0.248
South,0.29,0.34,0.28,0.08,0.49,0.125,0.147,0.259,0.085,0.265
East,0.26,0.33,0.30,0.12,0.49,0.093,0.114,0.232,0.049,0.249
South Bay,0.23,0.31,0.33,0.13,0.49,0.124,0.125,0.276,0.069,0.29
LA County,0.23,0.33,0.32,0.12,0.5,0.11254,0.11315,0.24999,0.06663,0.26804