"","Pr(H)","Pr(Q)","Pr(D)"
"Antelope Valley",0.19926,0.28638,0.13521
"San Fernando",0.19112,0.28158,0.13675
"San Gabriel",0.19141,0.27755,0.13253
"Metro",0.19228,0.28076,0.13237
"West",0.18729,0.27642,0.13279
"South",0.19102,0.27497,0.12914
"East",0.1793,0.27083,0.12962
"South Bay",0.19045,0.2799,0.13577
"LA County",0.19014,0.27965,0.13409
